Tweet_count,Usename,Name,Text,Retweets,Likes
1,ğŸ‡µğŸ‡±PolkağŸ‡µğŸ‡±,"Tusk pod wybory prezydenckie powie wszystko, co moÅ¼e spodobaÄ‡ siÄ™ jego naiwnym wyborcom. A gdy wybory minÄ…, odwoÅ‚a wszystko. ""Ja nic takiego nie powiedziaÅ‚em ""ğŸ™ˆ ğŸ™„ğŸ‘‡ https://t.co/e5RWBgWjXU",192,478
2,Informacje GieÅ‚dowe,Wybory Prezydenckie w Polsce 18 maj 2025 - Pakt Migracyjny  Meczety: Polska ğŸ‡µğŸ‡± 2025 rok:            3 Francja ğŸ‡«ğŸ‡· 1975 rok:            3ğŸ‘ˆ Francja ğŸ‡«ğŸ‡· 2025 rok:   2630ğŸ‘ˆ Niemcy ğŸ‡©ğŸ‡ª 2025 rok:  2620 Holandia ğŸ‡³ğŸ‡± 2025 rok:  430 Belgia ğŸ‡§ğŸ‡ª 2025 rok :       330  Szwecja ğŸ‡¸ğŸ‡ª 2025 rok :   400 https://t.co/IhFUO3ZsYt,271,815
3,rzemcio92,Kolumbia Senegal Japonia ğŸ‡µğŸ‡±Polska ğŸ‡µğŸ‡± Awans pewny jesteÅ›my faworytem ğŸ‡µğŸ‡±ğŸ‡µğŸ‡±ğŸ‡µğŸ‡±ğŸ‡µğŸ‡±ğŸ‡µğŸ‡±ğŸ‡µğŸ‡±ğŸ‡µğŸ‡±ğŸ‡µğŸ‡±ğŸ‡µğŸ‡±ğŸ‡µğŸ‡±ğŸ‡µğŸ‡±ğŸ‡µğŸ‡±ğŸ‡µğŸ‡±ğŸ‚ğŸ‚ğŸ‡µğŸ‡±ğŸ‚ğŸ‡µğŸ‡±ğŸ‡µğŸ‡±ğŸ‡µğŸ‡±ğŸ“ğŸ“ğŸ“ğŸ“  #DebataRepubliki #DebataPrezydencka https://t.co/gR7EriHzEN,69,3123
4,ğŸ‡µğŸ‡±PolkağŸ‡µğŸ‡±,"WystarczyÅ‚o wziÄ…Ä‡ dÅ‚ugopis do rÄ™ki... teraz, i wy wyborcy Tuska bÄ™dziecie pÅ‚aciÄ‡ za swojÄ… decyzjÄ™. #UÅ›miechniÄ™tePolska @donaldtusk â€¼ï¸ MoÅ¼esz jeszcze to zmieniÄ‡ i zagÅ‚osowaÄ‡ na Pana dr Karola Nawrockiego @NawrockiKn podczas wyborÃ³w prezydenckich w dniu 18 maja 2025 r. â€¼ï¸ https://t.co/ZBWMdYD7fk",630,1523
5,Maja ğŸ¦‹,"Kochani ğŸ¥°  Niedziela, 18 maja 2025 wybory Prezydenta RP 2025 !  Takiego widoku ğŸ‘‡ Takiego SzczÄ™Å›cia ğŸ¥°  BÄ™dziemy Åšwiadkami !  ZrÃ³bmy wszystko ! byÅ›my i My ! byli tak SzczÄ™Å›liwi !   CaÅ‚a Polska naprzÃ³d âœŒï¸ ğŸ‡µğŸ‡± Wiemy co mamy zrobiÄ‡ ! Oni na Nas czekajÄ… ! GÅ‚osuj ! ğŸ‘‡ #Trzaskowski2025 https://t.co/YIeAsLgbSL",307,938
6,AntyAnty,ğŸ‡µğŸ‡±Karol Nawrocki rozpoczÄ…Å‚ swojÄ… kadencjÄ™ na stanowisku Prezesa IPN od wizyty upamiÄ™tniajÄ…cej polskich Å¼oÅ‚nierzy ktÃ³rzy zdobyli Monte Cassino 18 maja 1944 roku.  Wybory prezydenckie sÄ… 18 maja 2025 roku  Nie ma przypadkÃ³w - sÄ… tylko znaki ğŸ‡µğŸ‡±  #Nawrocki2025 https://t.co/KErWvM3P3B,124,282
7,Wojciech,Wybory prezydenckie 2025 Zjednoczenie NormalnoÅ›Ä‡ Wybaczenie AutentycznoÅ›Ä‡  Historia Polska powinna byÄ‡ normalna przede wszystkim Wtedy bÄ™dzie wielka Pokora jest wielkoÅ›ciÄ… Pragnienie wÅ‚adzy jest wadÄ… nie zaletÄ…  SpÃ³jrzmy na historiÄ™ naszego cudownego kraju Polska jest zagroÅ¼ona https://t.co/W3m58Svl2C,1,0
8,ğŸ‡µğŸ‡± MARCIN EDO,"Jestem wrÄ™cz pewien, Å¼e rok 2025 bÄ™dzie powtÃ³rkÄ… roku 2015. @NawrockiKn na 100% zostanie Prezydentem ğŸ‡µğŸ‡± Polski, a na jesieni PIS w przedterminowych wyborach przejmie wÅ‚adzÄ™ z rÄ…k obecnej mafii. Jestem teÅ¼ pewien, Å¼e #Nawrocki2025 nigdy nie zawiedzie PolakÃ³w, co kilkukrotnie https://t.co/NPBzgZnFEF",456,1577
9,zuzanna kostrubiec#Nawrocki2025#PociÄ…gPrawych,"Wszyscy BÄ…dÅºmy dumni z tego, Å¼e gÅ‚osujemy na Karola Nawrockiego 18 Maja 2025â€¼ï¸Klasa sama w sobie. Normalny.SpokÃ³j,autentycznoÅ›Ä‡,merytoryka,wiedza, Najlepszy przywÃ³dca na trudne czasy #Nawrocki2025Prezydentem https://t.co/bdyjudNI6X",64,167
10,michniqremek,Wybory prezydenckie 2025. https://t.co/DrDJhJ8LJG,116,1057
11,Tomasz Remi,"Bitwa o PolskÄ™ ğŸ‡µğŸ‡± NadciÄ…gaâ— Nie Åšmigus-Dyngus, nie mundial... To wybory prezydenckie 2025â—  Na horyzoncie juÅ¼ widaÄ‡ sztaby, banery, uÅ›miechy nr 5 i obietnice, ktÃ³re majÄ… wiÄ™cej kalorii niÅ¼ Å›wiÄ…teczny sernik. Polska znÃ³w dzieli siÄ™ na pÃ³Å‚  niektÃ³rzy zacierajÄ… rÄ™ce, inni... https://t.co/wD3HANkVRv",0,0
12,Szymon SzymaÅ„ski ğŸ‡µğŸ‡±âœï¸,On walczy tylko o Polski interes narodowy. ğŸ‡µğŸ‡± On konsekwentnie broni Polskich wartoÅ›ci i tradycji.  ğŸ‡µğŸ‡± On stawia na pierwszym miejscu dobro Polskich rodzin.  ğŸ‡µğŸ‡± On ma jasnÄ… wizjÄ™ rozwoju Polski na arenie miÄ™dzynarodowej.  ğŸ‡µğŸ‡± On jest najaktywniejszym kandydatem na prezydenta.  ğŸ‡µğŸ‡± https://t.co/zC4X2kAvH6,24,337
13,Waldemar PRAWY POLAK,18.05.2025 WYBORY PREZYDENCKIE TO BEDZIE  GÅOSOWANIE ZA ODWOÅANIEM TUSKAğŸ‡©ğŸ‡ªğŸ‡©ğŸ‡ªI CAÅEJ ZÅODZIEJSKIEJ EKIPY â€¼ï¸â€¼ï¸â€¼ï¸â€¼ï¸â€¼ï¸â€¼ï¸â€¼ï¸â€¼ï¸GLOSUJMY NA PANA KAROLA NAWROCKIEGO POLAKA â€¼ï¸â€¼ï¸â€¼ï¸â€¼ï¸â€¼ï¸â€¼ï¸â€¼ï¸ https://t.co/7ewc9JfRT6,11,18
14,Waldemar PRAWY POLAK,MODLE SIÄ˜ O POLSKE I POLAKÃ“W â€¼ï¸â€¼ï¸â€¼ï¸â€¼ï¸â€¼ï¸â€¼ï¸ABY 18.05.2025r WYBRALI PANA KAROLA NAWROCKIEGO NA NOWEGO PREZYDENTA RP! https://t.co/fD0lde3XmE,3,19
15,Tomek,"O tym byÅ‚y te wybory, 2023. O tym bÄ™dÄ… wybory prezydenckie 2025.",0,1
16,ğ•¸ğ–”ğ–—ğ–Œğ–Šğ–“ğ–˜ğ–™ğ–Šğ–—ğ–“,"Najnowszy sondaÅ¼ prezydencki 2025, 11-13 kwiecieÅ„:  34,8% - RafaÅ‚ Trzaskowski 22,7% - Karol Nawrocki 15,8% - SÅ‚awomir Mentzen 6,7% - Szymon HoÅ‚ownia 4,2% - Adrian Zandberg 3,4% - Magdalena Biejat 2% - Marek Jakubiak Research Partner/Infor.pl https://t.co/imhlp5Q5Hf",137,444
17,Aneczka ğŸ‡µğŸ‡±,ğŸ‡µğŸ‡±Wybory Prezydenckie  Bitwa o PolskÄ™ - 18.05.2025 ğŸ˜ https://t.co/vc6OVXCZuv,4,11
18,WieÅ›ci24.pl,Dlaczego RafaÅ‚ Trzaskowski moÅ¼e i powinien wygraÄ‡ wybory prezydenckie juÅ¼ w pierwszej turze? https://t.co/DGR1unw10g,74,202
19,Waldemar PRAWY POLAK,ZDECYDOWANIE GÅOSUJÄ˜ NA POLAKA â€¼ï¸â€¼ï¸â€¼ï¸â€¼ï¸â€¼ï¸â€¼ï¸KAROLA NAWROCKIEGO ON 18.05.2025 ROZGONI CYRK TUSKA I BODNARA ğŸ‘ğŸ‘ğŸ‘ğŸ‘ğŸ‘ğŸ‘ğŸ‘ğŸ‘ğŸ‘ğŸ‘ğŸ‘ https://t.co/6v6C4wdrZt,28,62
20,Konfederacja Korony Polskiej,"ğŸ”¥ @GrzegorzBraun_ startuje w wyborach prezydenckich 2025! PomÃ³Å¼ rozpowszechniÄ‡ tÄ™ informacjÄ™ wbrew systemowi. 18 maja wreszcie moÅ¼emy zagÅ‚osowaÄ‡ na ğŸ‡µğŸ‡± PolskÄ™, a nie produkt polskopodobny.   https://t.co/uFrzrsRjEY https://t.co/6ZicKEdGAV",107,305
21,Analityczny UmysÅ‚,Wybory prezydenckie:  2010: 10 kandydatÃ³w  2015: 11 kandydatÃ³w  2020: 11 kandydatÃ³w  2025: aktualnie 17 kandydatÃ³w zÅ‚oÅ¼yÅ‚o wymagane 100 tys. podpisÃ³w,19,2591
22,Stasiek ğŸ‡µğŸ‡±ğŸ’¯,@BarbaraTrabins1 @UAndrearcz47894 @Leszek10606840 @AKlarenbach @mruk44 @EmanuelEmmax @ElaEla224814 @TynaLondon @AnnaKseniaELO @Anagitka @JanIIISobiesk16 @magdalena87_ @AnnaBenda3 @PrawaKlara @Bombalina30 @monter_i_jestem @halinawozniak01 @KingaA_80 @BamboPolak @MateuszCPK @PolakzPol @Darekbrzoza @NiewidomyPolak @ANNAdust107 @Woj16485152Anna @lece_samolotem @MarcelFormelaPL @upasieczna @AnnaMKrupka @p_kucinska @MieczyslawNiew5 @piotr_piet82489 Tak jest i 18 maja 2025 tylko @NawrockiKn Karol Nawrocki przyszÅ‚y Prezydent Polski  #NawrockiPrezydent2025 #Nawrocki2025Prezydentem #NormalnaPolska #Nawrocki2025 https://t.co/xsxcUsbTR4,8,21
23,Elzbieta Saczek ğŸŒ¸ğŸğŸ€ğŸ¥#SilniRazem,"@kurpinski_piotr @donaldtusk @sikorskiradek @trzaskowski_ @pisorgpl Jako kraj i wyborcy stoimy przed wyborem, ktÃ³ry w gruncie rzeczy sprowadza siÄ™ do jednej, najlepszej opcji. Wizja silnej, zjednoczonej Polski z Donaldem Tuskiem jako premierem, RadosÅ‚awem Sikorskim na czele MSZ i RafaÅ‚em Trzaskowskim - prezydentem w 2025 roku, to przepis na https://t.co/c3OXKM3nZS",15,31
24,ğŸ‡µğŸ‡± MARCIN EDO,"DokÅ‚adnie za tyle dni, szturmem bÄ™dziemy atakowaÄ‡ Obwodowe Komisje Wyborcze i dumnie z nieukrywanÄ… radoÅ›ciÄ… gÅ‚osowaÄ‡ na naszego #Nawrocki2025  Czy uda dokonaÄ‡ siÄ™ cudu juÅ¼ 18 maja, trudno powiedzieÄ‡. Jednak 1 czerwca, dokoÅ„czymy swego dzieÅ‚a. @NawrockiKn zostanie Prezydentem ğŸ‡µğŸ‡± . https://t.co/Pb9IajXGmW",214,637
25,Diana Ruchniewicz #Braun2025,"18 maja 2025  gÅ‚osujemy na jedynego kandydata na prezydenta  DUMNEJ, SILNEJ I BOGATEJ Polski @GrzegorzBraun_  ğŸ‡µğŸ‡±ğŸ‡µğŸ‡±ğŸ‡µğŸ‡±ğŸ‡µğŸ‡±ğŸ‡µğŸ‡±ğŸ‡µğŸ‡±ğŸ‡µğŸ‡±ğŸ‡µğŸ‡±ğŸ‡µğŸ‡±ğŸ‡µğŸ‡±ğŸ‡µğŸ‡±ğŸ‡µğŸ‡± https://t.co/3hjKNxTY8N",114,732
26,Joanna,"â€¼ï¸Wybory prezydenckie 2025.  Kim jest Szymon HoÅ‚owniaâ“ï¸  Sylwetka i program kandydata na prezydenta RP.  Wybory prezydenckie 2025 zbliÅ¼ajÄ… siÄ™ wielkimi krokami, a nazwisko Szymona HoÅ‚owni coraz czÄ™Å›ciej pojawia siÄ™ w medialnych analizach i sondaÅ¼ach. Jego nietypowa droga do https://t.co/A0Cib40QCd",18,37
27,GrÃ©goire ğŸ‡µğŸ‡±ğŸ‡«ğŸ‡· DeuxiÃ¨me tour sans bonjour,OszuÅ›ci i Hipokryci  Mitomania wybory prezydenckie 2025 https://t.co/tszgcT8c1B,0,0
28,Grot119ğŸ‡µğŸ‡±,Wybory prezydenckie 2025 TO NIE MOÅ»E SIÄ˜ POWTÃ“RZYÄ† https://t.co/6ORZyfypFR,0,0
29,WICKET #BRAUN2025ğŸ§¯,"PojawiÅ‚ siÄ™ Latarnik Wyborczy na wybory prezydenckie 2025, ktÃ³ry pozwala na wglÄ…d w dokÅ‚adne odpowiedzi poszczegÃ³lnych kandydatÃ³w. Jest ich 20 i pozwoliÅ‚em sobie na ustosunkowanie siÄ™ do nich ğŸ§µâ¬‡ï¸  https://t.co/4IvY7j6Z2r https://t.co/XNImP1OWMX",20,134
30,Ania K.#DruÅ¼ynaNawrockiego 2025 ğŸ‡µğŸ‡±â¤ï¸ğŸ‡µğŸ‡±,ğŸ‡µğŸ‡±ğŸ‡µğŸ‡±ğŸ‡µğŸ‡±â™¥ï¸ğŸ‡µğŸ‡±ğŸ‡µğŸ‡±ğŸ‡µğŸ‡± TYLKO Pan Doktor Karol Nawrocki Prezydentem Polski ğŸ‡µğŸ‡±ğŸ¥°ğŸŒ¹,0,6
31,ğŸ‡µğŸ‡± MARCIN EDO,"MoÅ¼na robiÄ‡ screeny... Przed PaÅ„stwem wyniki wyborÃ³w prezydenckich II tury z dnia 1 czerwca 2025 roku. Niekwestionowanym zwyciÄ™zcÄ… zostanie @NawrockiKnâœŒï¸ Co wydarzy siÄ™ pÃ³Åºniej, to juÅ¼ inna kwestia. Czerwiec bÄ™dzie wyjÄ…tkowo gorÄ…cy. https://t.co/KnPkaWqhC4",98,313
32,Przesympatyczna Renatka,Wybory Prezydenckie  Bitwa o PolskÄ™ - 18.05.2025 ğŸ˜  https://t.co/bfqFvYeykn https://t.co/arSqRAPEkx,194,1067
33,Alicja.,Zemsta wersja wybory prezydenckie 2025,0,7
34,ğ•¸ğ–”ğ–—ğ–Œğ–Šğ–“ğ–˜ğ–™ğ–Šğ–—ğ–“,"Nowiutki CBOS zwiastuje ostatnie tchnienie Karola, taniec na trumnie nie pomÃ³gÅ‚ KaczyÅ„skiemu. Badanie â€Wybory prezydenckieâ€ metodÄ… mieszanÄ… 17â€“20 marca 2025 roku na prÃ³bie 1003 dorosÅ‚ych PolakÃ³w. https://t.co/cMPLcGEjZb",31,162
35,W.R.Malinowski,"Wybory prezydenckie 2025. Jarek stojÄ…c obok â€Koniaâ€  zrozumiaÅ‚, Å¼e postawiÅ‚ na osÅ‚a.ğŸ¤”ğŸ˜ https://t.co/ZvLz27a7t1",0,2
36,marco1980,"...pod Å¼adnym pozorem, nie wolno Nam siÄ™ poddaÄ‡ w walce o lepsze Å¼ycie. Prawi ğŸ‡µğŸ‡±Polacy zawsze z PiS i SuwerennÄ… PolskÄ…! Wybory Prezydenckie 2025 Nasze! Ku Chwale Ojczyzny i do Boju! https://t.co/zWO2v7C4nX",1,1
37,Konfederacja,"25 dni do wyborÃ³wâ— DoÅ›Ä‡ juÅ¼ skompromitowanych pseudoelit, ktÃ³re rzÄ…dzÄ… nami od dekad i wciÄ…Å¼ obiecujÄ… to samo! Czas na wielkie zmiany, dlatego 18 maja gÅ‚osujemy na @SlawomirMentzen! ğŸ‘‡  â›”ï¸ Nie dla paktu migracyjnego i podrzucania imigrantÃ³w z Niemiec âœ… Tak dla bezpiecznej https://t.co/acz5qYwtk7",142,1921
38,Andrzej Borowiak WJ,Moi drodzy myÅ›lÄ™ Å¼e nie zapominamy o wyborach prezydenckich 18.05. 2025. Bo widzÄ™ Å¼e wiÄ™kszoÅ›Ä‡ politykÃ³w PO ma to gdzieÅ›.  Jak moÅ¼ecie tak postÄ™powaÄ‡.  Ja pamiÄ™tam i wierzÄ™ Å¼e Prezydentem RP bÄ™dzie RafaÅ‚ Trzaskowski. https://t.co/IMWgRXGiE8,2,7
39,JÃ³zef Nowacki,"BronisÅ‚aw Wildstein: - ""To bÄ™dÄ… najwaÅ¼niejsze wybory prezydenckie od upadku komunizmu"".   W ocenie publicysty trwa proces systemowego niszczenia opozycji,czyli fundamentu demokracji. https://t.co/JT12gdGm9Q",252,532
40,MichaÅ‚ Sagrol,"2005 i 2025: zmarÅ‚ papieÅ¼ âœ… wybory prezydenckie w Polsceâœ… Polak bez Oscara âœ… Robert Janowski prowadzi ""Jaka to melodia""âœ… Karol Strasburger prowadzi ""FamiliadÄ™""âœ… Krzysztof Ibisz prowadzi ""AwanturÄ™ o kasÄ™""âœ… Tadeusz Sznuk prowadzi ""1 z 10""âœ… Arseniusz Finster jest burmistrzem",279,8688
41,ğŸ‡µğŸ‡±PolkağŸ‡µğŸ‡±,ğŸ”´ Zapraszamy â€¼ï¸ ğŸ‘‡ Wszelkie informacje poniÅ¼ej ğŸ‘ŠğŸ‘ğŸŒ¹ğŸ‡µğŸ‡±â™¥ï¸ğŸŒ¹ #Prezydent2025 @NawrockiKn @Nawrocki25 @Andruszkiewicz1 @szefernaker @KlubyGP @sjkaleta @TABochenski ObecnoÅ›Ä‡ obowiÄ…zkowa âœŒï¸ ğŸ‡µğŸ‡± https://t.co/FztNMRTmi9,104,191
42,Åukasz Olejnik,RafaÅ‚ Trzaskowski cieszy siÄ™ najwiÄ™kszym zaufaniem wÅ›rÃ³d politykÃ³w - wynika z sondaÅ¼u IBRiS dla OnetuğŸ’ª  CaÅ‚a Polska naprzÃ³d!  #Trzaskowski2025  https://t.co/cRbe3GJlGA,108,426
43,ZbÃ³j Janosik,"@ElzbietaPolak @trzaskowski_ PiÄ™kne, mÄ…dre i inteligentne kobiety gÅ‚osujÄ… tylko i wyÅ‚Ä…cznie na Pana Karola Nawrockiego, caÅ‚a Polska naprzÃ³d tylko Karol Nawrocki moÅ¼e zostaÄ‡ prawdziwym Prezydentem Polski i nikt inny i to juÅ¼ 18-go maja 2025 !!!!",0,18
44,Portal Warszawski,ğŸŸ¥ @PanstwKomWyb otwiera furtkÄ™ do faÅ‚szerstw wyborczych  Jak informuje profil NaPrawoMost @NaPrawo80827  23 kwietnia br. PaÅ„stwowa Komisja  Wyborcza opublikowaÅ‚a UchwaÅ‚Ä™ nr 165/2025 z wytycznymi dla Obwodowych  Komisji Wyborczych w wyborach prezydenckich. W dokumencie znajduje https://t.co/b4wozf8ZT0,0,3
45,Krzysztof z Torunia ğŸ‡µğŸ‡±ğŸ‡ªğŸ‡ºğŸ‡ºğŸ‡¦,"Prognoza prezydencka @MarcinPalade z 25.IV I tura(frekwencja 64%) ğŸŸ @trzaskowski_ 32,5% ğŸ”µ@NawrockiKn 28,5% âš«ï¸@SlawomirMentzen 15,5% ğŸŸ¡@szymon_holownia 6,5% ğŸ”´@MagdaBiejat 4% âš«ï¸@GrzegorzBraun_ 4% ğŸ”´@ZandbergRAZEM 3,5% ğŸŸ£@K_Stanowski 2,5% II tura RT 51,5% - 48,5% KN #progprez2025 https://t.co/xh83u5SPUp",4,14
46,Anna Trog#Maciak2025,Wybory prezydenckie w Polsce 2025. Ostra walka polityczna. Ekskluzywny w... https://t.co/6kPXk2vZ8p via @YouTube,8,21
47,Zbigniew Rybicki,Macie jeden i nie kwestionowany wybÃ³r. Prezydentem Polski ğŸ‡µğŸ‡±Maciej Maciak ğŸ‡µğŸ‡± z Ruchu Dobrobytu i Pokoju. https://t.co/6sxscDldSj,4,12
48,Stasiek ğŸ‡µğŸ‡±ğŸ’¯,@tylko_prawda_ Kibice goniÄ… Å‚ajdactwo ğŸ‘â€¼ï¸wspÃ³lnie zwyciÄ™Å¼ymy ğŸ’ªâœŒï¸ğŸ‡µğŸ‡± pierwszy krok juÅ¼ 18 maja 2025 @NawrockiKn Karol Nawrocki przyszÅ‚ym Prezydentem Polski ğŸ’ªâœŒï¸ğŸ‡µğŸ‡± #NawrockiPrezydent2025 #Nawrocki2025Prezydentem #NormalnaPolska #Nawrocki2025 https://t.co/PiIByuGUdX,0,5
49,No Name,Moja tierlista kandydatÃ³w na prezydenta. https://t.co/KnkVW6tJis https://t.co/X8vJQlnYjP,0,5
50,Interia,"ZbliÅ¼ajÄ… siÄ™ wybory prezydenckie 2025. Dla niezdecydowanych powstaÅ‚a inicjatywa Latarnik wyborczy, ktÃ³ra ma na celu uÅ‚atwienie wyboru  https://t.co/CHTGzETSwz",1,2
51,ZbÃ³j Janosik,"@anna_sobolak PiÄ™kne, mÄ…dre i inteligentne kobiety gÅ‚osujÄ… tylko i wyÅ‚Ä…cznie na Pana Karola Nawrockiego, caÅ‚a Polska naprzÃ³d tylko Karol Nawrocki moÅ¼e zostaÄ‡ prawdziwym Prezydentem Polski i nikt inny i to juÅ¼ 18-go maja 2025, obudÅº siÄ™ Polsko !!!",1,5
52,AniS ğŸ¦‹ #Trzaskowski2025 #WOÅšP â¤ï¸,"18 MajÄ… 2025 Wybory Prezydenta ğŸ‡µğŸ‡± Postawmy kropkÄ™ nad                      ""i"" ZrÃ³bmy wszystko by nasze dzieci i wnuki byÅ‚y dumne z ğŸ‡µğŸ‡± historii, to nasz obowiÄ…zek!         CaÅ‚a ğŸ‡µğŸ‡± na przÃ³d â€¼ï¸",1,1
53,Krzysztof z Torunia ğŸ‡µğŸ‡±ğŸ‡ªğŸ‡ºğŸ‡ºğŸ‡¦,"Prognoza prezydencka @Glos_Swiata z 22.IV I tura ğŸŸ @trzaskowski_ 35,1% ğŸ”µ@NawrockiKn 25,3% âš«ï¸@SlawomirMentzen 16,5% ğŸŸ¡@szymon_holownia 7,1% ğŸ”´@ZandbergRAZEM 4% âš«ï¸@GrzegorzBraun_ 3,6% ğŸ”´@MagdaBiejat 3,5% ğŸŸ£@K_Stanowski 2% II tura Trzaskowski 53,4% - 46,6% Nawrocki #progprez2025 https://t.co/WG0GVI9oQn",13,69
54,ZbÃ³j Janosik,"@Aleksandra_P_R PiÄ™kne, mÄ…dre i inteligentne kobiety gÅ‚osujÄ… tylko i wyÅ‚Ä…cznie na Pana Karola Nawrockiego, caÅ‚a Polska naprzÃ³d tylko Karol Nawrocki moÅ¼e zostaÄ‡ prawdziwym Prezydentem Polski i to juÅ¼ 18-go maja 2025, obudÅº siÄ™ Polsko !!!!",0,0
55,Piotrdotcom ğŸ‡µğŸ‡±ğŸ‡ªğŸ‡¸ğŸ‡«ğŸ‡·ğŸ‡ªğŸ‡º #SilniRazem,"â€¼ï¸FAÅSZâ€¼ï¸ Ludzie kochane myÅ›lcie sprawdzajcie do chuja trypla! https://t.co/K9r0MWLcw1 Czy Grzegorz Braun ma szansÄ™ na poparcie zapewniajÄ…ce mu wejÅ›cie do drugiej tury wyborÃ³w prezydenckich? Taki scenariusz sugeruje sondaÅ¼, ktÃ³ry miaÅ‚ zostaÄ‡ wykonany przez znany oÅ›rodek badania https://t.co/k3q6BG8uBp",7,16
56,PLinRussia ğŸ‡µğŸ‡±,Zapraszamy do zapoznania siÄ™ z informacjami na temat organizacji wyborÃ³w Prezydenta RP w 2025 roku za granicÄ…. https://t.co/WEN6IWNXaIâ€¦ https://t.co/ofZJNCqjUO,0,0
57,MichaÅ‚ Chmielewski (Ten_Psycholog),"A przed snem, podsumujmy pierwszÄ… prawdziwÄ… debatÄ™ prezydenckÄ… 2025 roku:   Karol Nawrocki - mowa ciaÅ‚a jest jego sÅ‚aboÅ›ciÄ…. Niezdecydowany i niepewny choÄ‡ w gÅ‚osie aÅ¼ tak nie byÅ‚o tego sÅ‚ychaÄ‡. Mimo to atakowaÅ‚ i byÅ‚ przygotowany na konfrontacje i zaznaczenie swojej obecnoÅ›ci.",233,961
58,ZbÃ³j Janosik,"@Elbieta38132419 PiÄ™kne, mÄ…dre i inteligentne kobiety gÅ‚osujÄ… tylko i wyÅ‚Ä…cznie na Pana Karola Nawrockiego, caÅ‚a Polska naprzÃ³d tylko Karol Nawrocki moÅ¼e zostaÄ‡ prawdziwym Prezydentem Polski i to juÅ¼ 18-go maja 2025 !!!",0,0
59,OKO.press,"Wiesz, Å¼e wybory prezydenckie sÄ… waÅ¼ne, chcesz oddaÄ‡ gÅ‚os, ale nadal nie masz pewnoÅ›ci, z ktÃ³rym z kandydatÃ³w najbardziej Ci po drodze?  ğŸ” RozwiÄ…Å¼ kompas wyborczy https://t.co/q7A5ZiqKqh i zdecyduj, na kogo postawiÄ‡ 18 maja ğŸ‘‰ https://t.co/nETkqcTn1s https://t.co/3IKva1jfpz",0,3
60,EweğŸ‡ªğŸ‡ºUnijka #SilniRazem #StrajkKobiet #WolneSÄ…dy,"Nie znoszÄ™ #HoÅ‚ownia2025. Wkurwia mnie #Biejat2025. Prezydentem tylko #Trzaskowski2025. JeÅ›li nieszczÄ™Å›liwie HoÅ‚ownia lub Biejat wejdÄ… do II tury, a nie RafaÅ‚.. BÄ™dÄ™ wÅ›ciekÅ‚a. na 100% bez wahania oddam gÅ‚os na jedno z nich. Oczywista obywatelska decyzja.",4,25
61,BackAntypoint,Wybory Prezydenckie 2025 odpowiedzÄ… na pytanie czy w Polsce jest wiÄ™cej PolakÃ³w ( gÅ‚os na Nawrockiego) czy Polactwa (gÅ‚os na Trzaskowskiego). JeÅ¼eli jest wiÄ™cej Polactwa to bÄ™dzie koniec Polski. KONIEC ! THE END !,0,0
62,Ellan Enish,Wybory Prezydenckie 2025 byÄ‡ jak: https://t.co/XAHx5ot0uh,0,0
63,Gabriel,Wybory prezydenckie 2025 dajÄ… mocne Eurowizja vibes. Powiedzcie mi Å¼e teÅ¼ to widzicie XDDDD,0,1
64,HoÅ‚ownia 2025,"""Wybory prezydenckie to jest ubiegania siÄ™ u ludzi o pracÄ™. Dlatego wczoraj na debatÄ™ przyniosÅ‚em swoje CV (...) ZapomniaÅ‚em w nim podaÄ‡ mojego numeru telefonu, wiÄ™c chciaÅ‚em wam tylko powiedzieÄ‡, Å¼e ten telefon jest, a numer tego telefonu to 886 132 226. Na ten numer wszyscy,",27,110
65,faustina.ğŸ©¸,"drunk, eating vege goÅ‚Ä…bki, watching adrian zandberg: â€ â€wybory prezydenckie 2025: gospodarka, USA i Mentzen oraz Nawrockiâ€",0,0
66,ğŸ€ PSL,ğŸ’¬ Wybory prezydenckie 2025 to moment moÅ¼liwej gÅ‚Ä™bokiej przebudowy polskiej sceny politycznej. Co 20 lat przychodzi czas na nowe rozdanie.  ğŸ€@SawickiMarek ğŸ–¥ï¸@rzeczpospolita https://t.co/u1Ge8VED0e,5,10
67,PatryQ #TonyStark2025,"podsumowujÄ…c wybory prezydenckie 2025: - SÅ‚awomir Mentzen: poproszÄ™ o inne pytanie, poproszÄ™ o mÄ…drzejsze pytanie, kobieta nie jest taka mondra jak menszczyzna, z czym mi tu pani wylatuje - Karol Nawrocki: opowiem ci, rzeczy o ktÃ³re nie zostaÅ‚em zapytany, daj dokoÅ„czyÄ‡  Kurtyna..",0,0
68,Laura Vickersâ„¢,"WkrÃ³tce w Polsce wybory prezydenckie 2025. Jak wÅ‚amaÄ‡ siÄ™ do serwera PKW (PrzykÅ‚adowej Komisji Wyborczej)?, jak faÅ‚szowaÄ‡ wyniki podczas zbierania i przesyÅ‚ania?, jak ustawiÄ‡ caÅ‚y system?, jak manipulowaÄ‡ ludÅºmi? - to wszystko jest takie proste. Czy potrafimy siÄ™ zabezpieczyÄ‡?ğŸ«¢ https://t.co/IgHjgrjmKP",0,0
69,Joanna,"â€¼ï¸Wybory prezydenckie 2025.  Kim jest Szymon HoÅ‚owniaâ“ï¸  Sylwetka i program kandydata na prezydenta RP.  Wybory prezydenckie 2025 zbliÅ¼ajÄ… siÄ™ wielkimi krokami, a nazwisko Szymona HoÅ‚owni coraz czÄ™Å›ciej pojawia siÄ™ w medialnych analizach i sondaÅ¼ach. Jego nietypowa droga do https://t.co/j9bWWXA5xc",17,47
70,Globalne PoÅ‚udnieğŸŒ,"ğŸ‡ªğŸ‡¨ğŸ—³ ğŸ—EcuaVisa: Daniel Noboa z wynikiem 56% wygraÅ‚ 13 kwietnia wybory prezydenckie 2025, i bÄ™dzie rzÄ…dziÅ‚ Ekwadorem w latach 2025â€“2029 https://t.co/XABbCoxEyK",0,5
71,Jorge,top 3 powodÃ³w kÅ‚Ã³tni fanbazy Arsenalu w 2025: 1. AC Shadows 2. Wybory prezydenckie 2025 3. Mikel Arteta,0,26
72,lootar,BARTOSZ KGHM WIEKSZOSCIA BEZWZGLEDNA WYGRYWA WYBORY PREZYDENCKIE 2025 I ZOSTAJE MU POWIERZONA MISJA STWORZENIA NOWEGO RZADU  co tu duzo mowic gratulacje ğŸ‘Š@BartoszKGHM https://t.co/HoJE6UiW7d,0,3
73,Wojtek Gancarz,Nieprawdpodobne Kongo dzieje siÄ™ w tych KoÅ„skich. Jeszcze Stanowski jako kandydat. Polska 2025. Freakowe wybory prezydenckie.,1,32
74,dr Piotr NapieraÅ‚a,Wybory prezydenckie 2025 - rozmowa z Tomaszem Wiejskim https://t.co/kSwnk9r1x9,7,29
75,jarosla_w,"ğŸ”¥ Wybory Prezydenckie 2025 â€“ jak epicki film! KaÅ¼dy kandydat jak postaÄ‡ z innej bajki â€“ bÅ‚azen, kupiec, najemnik, eunuchâ€¦ Ale to nie serial â€“ to walka o duszÄ™ i przyszÅ‚oÅ›Ä‡ Polski ğŸ‡µğŸ‡±!  ğŸ¯ GÅ‚osujmy nie na aktorÃ³w, tylko na tych, ktÃ³rzy broniÄ… KrzyÅ¼a, rodziny, suwerennoÅ›ci i https://t.co/WtLek4C1QA",0,0
76,Cezary Graf,ğŸ‡·ğŸ‡´JuÅ¼ 4 maja 2025 roku odbÄ™dÄ… siÄ™ wybory prezydenckie w Rumunii  Jest maÅ‚y niuans  Nie moÅ¼na gÅ‚osowaÄ‡ na kandydata z najwiÄ™kszym demokratycznym poparciem,29,197
77,dr Piotr NapieraÅ‚a,PiÄ…tek 19:00 Wybory prezydenckie 2025 - rozmowa z Tomaszem Wiejskim @okiemtomkaw,3,18
78,Beata ğŸ‡µğŸ‡±ğŸ‡ªğŸ‡ºâ™¿ #Trzaskowski2025,"Moi drodzy, zapewne wszyscy jesteÅ›my juÅ¼ lekko zmÄ™czeni tym maratonem wyborczym. Dlatego zrÃ³bmy sobie prezent i wybory prezydenckie 2025 rozstrzygnijmy w I turze ğŸ’ª RafaÅ‚ @trzaskowski_  to prezydent,na ktÃ³rego Polska zasÅ‚uguje. #TrzaskamyPierwszÄ…TurÄ™  #Trzaskowski2025 https://t.co/wEGGo4wG8Y",0,0
79,Iwona Beltran,"BÄ™dziesz za granicÄ…, masz rodzinÄ™ za granicÄ…, to nie zapomnij o rejestracji na wybory prezydenckie 2025.  Nie zwlekaj. ZrÃ³b to, przekaÅ¼ swoim.  Moi znajomi ze Szwecji zarejestrowali siÄ™ dzisiaj. Bo waÅ¼ne #Trzaskowski2025 ğŸ‡µğŸ‡±  Link poniÅ¼ej. https://t.co/fx8FtJP1hj",8,18
80,ZbÃ³j Janosik,"@BeardedMarcinos RozsÄ…dny Polak z krwi i koÅ›ci gÅ‚osuje tylko i wyÅ‚Ä…cznie na Pana Karola Nawrockiego, caÅ‚a Polska naprzÃ³d tylko Karol Nawrocki moÅ¼e zostaÄ‡ prawdziwym Prezydentem Polski i nikt inny i to juÅ¼ 18-go maja 2025. ObudÅº siÄ™ Polsko !!",2,9
81,#buzak|NEWS,"Refleksja, wybory prezydenckie 2025. https://t.co/9DAfSuZmKW",0,1
82,PLinPanama,"Uprzejmie informujemy, Å¼e w Panamie oraz Dominikanie wybory prezydenckie odbÄ™dÄ… siÄ™ dnia 17 maja 2025 r.  Zapraszamy do zapisÃ³w: https://t.co/m4PxYNqLmF https://t.co/8bql1I0Wnd",2,1
83,ğŸ‡µğŸ‡±PolkağŸ‡µğŸ‡±,ğŸ”´ WaÅ¼ne informacje ğŸ”´ â¬‡ï¸  Czy @PanstwKomWyb dÄ…Å¼y do sfaÅ‚szowania #WyboryPrezydenckie2025? ğŸ¤” ğŸ‘‡ â€¼ï¸ â¬‡ï¸ â€¼ï¸ğŸ”Š Przeczytajcie i #RT,42,47
84,ZbÃ³j Janosik,"@KedraAnna RozsÄ…dni, mÄ…drzy Polscy patrioci gÅ‚osujÄ… tylko i wyÅ‚Ä…cznie na Pana Karola Nawrockiego, caÅ‚a Polska naprzÃ³d tylko Karol Nawrocki moÅ¼e zostaÄ‡ prawdziwym Prezydentem Polski i nikt inny i to juÅ¼ 18-go maja 2025, obudÅº siÄ™ Polsko !!!",0,2
85,Andrzej Szeniawski,"OlaÄ‡ nielojalnych koalicjantÃ³w? Ale jak to? Mamy olaÄ‡ RafaÅ‚a i PO za to, Å¼e bez porozumienia z koalicjantami zrobili sobie z publicznÄ… TV  spot wyborczy? A z drugiej strony, jest jakaÅ› koalicja na wybory prezydenckie 2025? A jakie sÄ… wspÃ³lne i podpisane punkty?",4,5
86,ZbÃ³j Janosik,"@MariaGolonka2 PiÄ™kne, mÄ…dre, rozsÄ…dne i inteligentne kobiety gÅ‚osujÄ… tylko i wyÅ‚Ä…cznie na Pana Karola Nawrockiego, obudÅº siÄ™ Polsko, caÅ‚a Polska naprzÃ³d tylko Karol Nawrocki moÅ¼e zostaÄ‡ prawdziwym Prezydentem Polski i nikt inny i to juÅ¼ 18-go maja 2025 !!!!",0,2
87,OgÃ³lnopolska Federacja Onkologiczna,Wybory'2025 - zadaliÅ›my pytania wszystkim kandydatkom i kandydatom na Prezydenta RP dotyczÄ…ce ich potencjalnej aktywnoÅ›ci w obszarze zdrowia w szczegÃ³lnoÅ›ci onkologii. Odpowiedzi bÄ™dziemy publikowaÄ‡ na naszej stronie.  https://t.co/PnzO0IZ8bY,0,3
88,Mariusz,Ale to jest dobre! 1 z 10 - edycja wybory prezydenckie 2025 XD https://t.co/Pk1SrTRJVs,0,1
89,tvn24,Trzaskowski cieszy siÄ™ najwiÄ™kszym zaufaniem wÅ›rÃ³d politykÃ³w - wynika z sondaÅ¼u IBRiS dla Onetu. NajwiÄ™kszÄ… nieufnoÅ›Ä‡ budzi Braun. https://t.co/iMpLGFj8eC,94,425
90,Embassy of Poland U.S.,"ğŸ“¢ Zapisz siÄ™ na wybory prezydenckie 2025! Skorzystaj z systemu e-Wybory. Rejestracja trwa do 13.05.2025 r.   WiÄ™cej informacji, w tym lista Obwodowych Komisji Wyborczych utworzonych w ğŸ‡ºğŸ‡¸: https://t.co/OmJIMIAoyX  System eWybory: https://t.co/EX5CZjMcan https://t.co/I4kFBYZCvn",17,28
91,Andrzej St #Polska wâ¤ï¸ ğŸ‡ªğŸ‡º,"ğŸ”´ UWAGA ğŸ”´  Bambik @MorawieckiM , spokÃ³j, radoÅ›Ä‡ i nadziejÄ™ przyniosie 18 maja wybÃ³r RafaÅ‚a Trzaskowskiego na urzÄ…d Prezydenta Polski. #TrzaskamyPierwszÄ…TurÄ™ #Trzaskowski2025 âœŒï¸ğŸ’ªğŸ‡µğŸ‡± https://t.co/qutB7USlrv https://t.co/lPRr6zLzi4",6,15
92,Maciej ZadumiÅ„ski,"ğŸ¦  Lewica szykuje â€walkÄ™ z mowÄ… nienawiÅ›ciâ€? Czytaj: knebel dla tych, ktÃ³rzy myÅ›lÄ… inaczej. Wybory prezydenckie 2025 zdecydujÄ…, czy system siÄ™ domknie. Prezydent Trzaskowski = 0 oporu wobec lewicowego bezprawia. ğŸ‘‰ GÅ‚osujmy na SÅ‚awomira Mentzena. To ostatni mur przed cenzurÄ…. https://t.co/WLk7R2bDHL",0,1
93,Fakty RMF FM,"Stanowcze ""nie"" RafaÅ‚a Trzaskowskiego dla propozycji Szymona HoÅ‚owni. Prezydent Warszawy nie chce debatowaÄ‡ z marszaÅ‚kiem Sejmu jeden na jeden w GdaÅ„sku. https://t.co/oPOAvced02",46,268
94,ZbÃ³j Janosik,"@KuczynskiM WidaÄ‡ Å¼e czujesz strach to dobrze, caÅ‚a Polska naprzÃ³d tylko Karol Nawrocki moÅ¼e zostaÄ‡ prawdziwym Prezydentem Polski i nikt inny i to juÅ¼ 18-go maja 2025 !!!!",2,8
95,MichaÅ‚ Mrowczyk,"Latarnik wyborczy na wybory prezydenckie 2025. https://t.co/kxVZMzJXI9 WiÄ™kszoÅ›Ä‡ z pytaÅ„ jak zwykle z cyklu ""to zaleÅ¼y"", ale ogÃ³lny wynik  w jakimÅ› stopniu odzwierciedla poglÄ…dy. https://t.co/0yGuT7z6Fu",0,0
96,Wojciech,Wybory prezydenckie 2025 CzÄ™Å›Ä‡ 2 Czy zgadzasz siÄ™ to by o wiele wiÄ™cej osÃ³b wylÄ…dowaÅ‚o w aresztach wydobywczych i w wiÄ™zieniach ?  Czy zgadzasz siÄ™ na aborcjÄ™ na Å¼yczenie lub nawet do 24 tygodnia Å¼ycia ?  Czy zgadzasz siÄ™ na Å‚amanie prawa i Å‚amanie Konstytucji ?,0,0
97,RYBAğŸ³#ğŸ‹,WYBORY PREZYDENCKIE 2025!GÅ‚os oddany na Konfederacje to gÅ‚os na Pis!! https://t.co/IkUjnHAV8t,0,0
98,Mateusz ğ˜”ğ˜¢ğ˜µğ˜¦ğ˜° RÄ™dzioch ğŸ‡µğŸ‡± ğŸ‡ªğŸ‡º â¤ï¸ ğŸ‡ºğŸ‡¦,"#czytaÅ‚em: https://t.co/27QO5O8BSY Adrian Zandberg: wybory prezydenckie 2025: gospodarka, USA i Mentzen oraz Nawrocki | Imponderabilia",0,0
99,Fundacja Alivia,"ğŸ—³ï¸ Wybory prezydenckie 2025 â€“ pytamy kandydatÃ³w o zdrowie i onkologiÄ™  ğŸ¤ Jako Fundacja Alivia, wspÃ³lnie z organizacjami zrzeszonymi w OgÃ³lnopolskiej Federacji Onkologicznej, zwrÃ³ciliÅ›my siÄ™ do wszystkich kandydatÃ³w na urzÄ…d Prezydenta RP z pytaniami o ich plany dotyczÄ…ce systemu",1,1
100,Peryskop,"Na stronie GW Wybory prezydenckie 2025. StanisÅ‚aw Å»Ã³Å‚tek wycofuje siÄ™ ze startu (https://t.co/xuE8CEGZM9) trwa sondaÅ¼:  Gdyby wybory prezydenckie odbywaÅ‚y siÄ™ w najbliÅ¼szÄ… niedzielÄ™, na kogo oddaÅ‚byÅ› swÃ³j gÅ‚os?  Prowadzi zdecydowanie Grzegorz Braun - 61.68%",0,1
101,DEBATA WYBORCZA 2025,"Prognoza wynikÃ³w 1 tury wyborÃ³w prezydenckich na podstawie uÅ›rednionych przewidywaÅ„ 9 bukmacherÃ³w, na dzieÅ„ 22 kwietnia 2025:  Trzaskowski 34,48% Nawrocki 27,67% Mentzen 17,38% HoÅ‚ownia 6,17% Braun 3,75% Zandberg 3,39% Biejat 2,47% Stanowski 1,73%  Frekwencja 63,2% https://t.co/Gf0djMU649",0,2
102,ZbÃ³j Janosik,"@BozenaBeKa PiÄ™kne, mÄ…dre i inteligentne kobiety gÅ‚osujÄ… tylko i wyÅ‚Ä…cznie na Pana Karola Nawrockiego, caÅ‚a Polska naprzÃ³d tylko Karol Nawrocki moÅ¼e zostaÄ‡ prawdziwym Prezydentem Polski i nikt inny i to juÅ¼ 18-go maja 2025 !!!!",0,0
103,Barbara,"Wybory prezydenckie 2025, to wybÃ³r pomiÄ™dzy zdrowiem a cholerÄ… . WybÃ³r prosty i oczywisty. Wybierzmy mÄ…drze. #TrzaskamyPierwszÄ…TurÄ™  #Trzaskowski2025  #KobietyNaWybory https://t.co/KuzncAaOOz",0,1
104,Kamil Marcinkiewicz,"PorÃ³wnanie trendÃ³w 2015 i 2025. W obydwu przypadkach spada przewaga lidera, ale (1) preferencje wyborcÃ³w sÄ… obecnie duÅ¼o stabilniejsze, (2) BK spadaÅ‚o non-stop, przez caÅ‚Ä… kampaniÄ™, nie byÅ‚o ani jednego odbicia (3) Mentzen to nie drugi Kukiz, ktÃ³ry zabieraÅ‚ BK i dawaÅ‚ Dudzie. https://t.co/sDfaSFzyH8",10,73
105,ZbÃ³j Janosik,"@WaldemarRomano2 Prawdziwy Polak z krwi i koÅ›ci gÅ‚osuje tylko i wyÅ‚Ä…cznie na Pana Karola Nawrockiego, caÅ‚a Polska naprzÃ³d tylko Karol Nawrocki moÅ¼e zostaÄ‡ prawdziwym Prezydentem Polski i nikt inny i to juÅ¼ 18-go maja 2025 !!!",0,1
106,tvn24,#PILNE | Nowy sondaÅ¼. Kandydat zÂ podium traci najwiÄ™cej.  WiÄ™cej: https://t.co/blWAeGCYkj https://t.co/J77rKefnie,15,64
107,Embajada de Polonia en MÃ©xico,ZAPISY NA WYBORY PREZYDENCKIE 2025 Warunkiem udziaÅ‚u w wyborach Prezydenta RP jest zÅ‚oÅ¼enie wniosku o ujÄ™cie w spisie wyborcÃ³w do wÅ‚aÅ›ciwego terytorialnie konsula lub posiadanie waÅ¼nego zaÅ›wiadczenia o prawie do gÅ‚osowania. â–¶ï¸Gdzie moÅ¼na oddaÄ‡ gÅ‚os? W Meksyku sÄ… dwa obwody https://t.co/bIlmVrGJx1,0,1
108,Zaklinacz ÅosiÃ³w,"OdpowiedÅº Perplexity na pytanie o najlepszego kandydata na prezydenta, ale tryb   pogÅ‚Ä™bionej analizy. ZwrÃ³Ä‡cie uwagÄ™ na kompletnie inny sposÃ³b pracy niÅ¼ @grok oraz inne wnioski.   Analiza kandydatÃ³w na Prezydenta RP 2025 - podejÅ›cie analityczne Wybory prezydenckie w Polsce",11,33
109,Telewizja Republika ğŸ‡µğŸ‡± #wÅ‚Ä…czprawdÄ™,Wybory prezydenckie 2025: Winnicki ostrzega przed rozgrywkÄ… HoÅ‚owni  #wÅ‚Ä…czprawdÄ™ #TVRepublika   https://t.co/ykbn5bsipG,0,7
110,tvn24,"SondaÅ¼ IBRiS dla ""Polityki"".  https://t.co/oD108d0O2N",7,17
111,ZbÃ³j Janosik,"@20Jaskulski @trzaskowski_ Tylko Karol Nawrocki moÅ¼e zostaÄ‡ prawdziwym Prezydentem Polski i to juÅ¼ 18-go maja 2025, prawdziwy Polak z krwi i koÅ›ci gÅ‚osuje tylko i wyÅ‚Ä…cznie na Pana Karola Nawrockiego !!!",0,0
112,Krysia,"@donaldtusk @ANU17778097 Wytrzymamy,premierze @donaldtusk,dokoÅ„czymy dzieÅ‚o 15.X.2023  i 18 maja 2025 wybierzemy na Prezydenta PolskiğŸ‡µğŸ‡± kompetentnego i demokratycznego RafaÅ‚a TrzaskowskiegoâœŒï¸. #CalaPolskaNaprzÃ³d  DLA DOBRA POLSKIğŸ‡µğŸ‡± PREZYDENT RAFAÅ TRZASKOWSKI !âœŒï¸",3,10
113,Patryk â€Dollartâ€ Ciura,"Prognoza wynikÃ³w wyborÃ³w prezydenckich - 20.04 Frekwencja - 60,2%  R. Trzaskowski - 34,5% (-3,9) K. Nawrocki - 29,4% (+1,6) S. Mentzen - 14,9% (-3,0) S. HoÅ‚ownia - 7,1% (+1,4) A. Zandberg - 4,6% (+1,9) G. Braun - 3,2% (+1,2) M. Biejat - 2,8% (+0,4) K. Stanowski - 1,8% (+0,3) https://t.co/kUpvFgAOEz",36,313
114,Wszystko Co NajwaÅ¼niejsze,ğŸ”´ NAJNOWSZE SONDAZE PREZYDENCKIE 2025 â€¢ Wszystko co najwaÅ¼niejsze â¤µï¸ https://t.co/TTJhsLNT9j,2,1
115,Radio KrakÃ³w,"Wybory prezydenckie 2025 nabierajÄ… tempa, ale zamiast politycznej klarownoÅ›ci â€“ mamy chaos, niepewnoÅ›Ä‡ i rosnÄ…ce napiÄ™cie? Prof. RadosÅ‚aw Markowski krytycznie o tegorocznej kampanii i jej kandydatach: https://t.co/rQNY27rdrx",0,1
116,TVN24+,"Nic kontrowersyjnego, nic co dzieli, nic co podgrzewa emocje - to taktyka Tuska, Å¼eby koalicja dotrwaÅ‚a do pierwszejÂ tury wyborÃ³w prezydenckich.  Tekst @arletazalewska dla @tvn24plus: https://t.co/owTe6Ne0EG",2,11
117,Ewa Bond,Ankieta do gÅ‚osowania pod artykuÅ‚em. Na razie wygrywa Pan @GrzegorzBraun_  Wybory prezydenckie 2025. StanisÅ‚aw Å»Ã³Å‚tek wycofuje siÄ™ ze startu https://t.co/esceWH3XmQ,2,13
118,Stach Orzel,"@PabloEsc1988 @GrzegorzBraun_ Tak! Tylko panem G.Braunem,nasza Ojczyzna stanie siÄ™ prawdziwie wolna i nasza!!! Teraz najwaÅ¼niejsze Å¼ebyÅ›my wygrali wybory prezydenckie,potem juÅ¼ bÄ™dzie z gÃ³rki!!! G.Braun 2025!!!",0,3
119,ENZO ğŸ‡µğŸ‡±,â–«ï¸Aktualizacja wyborÃ³w â–«ï¸  ğŸ‡¨ğŸ‡¦ 28 kwietnia wybory parlamentarne  ğŸ‡·ğŸ‡´ 4 maja wybory prezydenckie [I tura] *ğŸ‡»ğŸ‡¦ 6 maja praw. poczÄ…tek konklawe ğŸ‡µğŸ‡± 18 maja wybory prezydenckie  ğŸ‡·ğŸ‡´ 18 maja wybory prezydenckie [II tura] ğŸ‡µğŸ‡¹ 18 maja wybory parlamentarne  ğŸ‡µğŸ‡± 1 czerwca wybory prezydenckie [2],9,63
120,ğŸ‡µğŸ‡±Ralfie CzechğŸ‡µğŸ‡±,"Wybory prezydenckie 2025 | Maciej Maciak | piosenka ""ZrÃ³b z Maciaka prez... https://t.co/xNP4JINLJC przez @YouTube",2,5
121,MichaÅ‚ Sagrol,"w maju 2025 poznamy:  zwyciÄ™zcÄ™ Pucharu Polski âœ… nowego papieÅ¼a âœ… zwyciÄ™zcÄ™ eurowizji âœ… I tury wyborÃ³w prezydenckich w Polsce âœ… zwyciÄ™zcÄ™ Ekstaklasy âœ… zwyciÄ™zcÄ™ finaÅ‚u Ligi Konferencji Europy we WrocÅ‚awiu âœ… zwyciÄ™zcÄ™ Ligi MistrzÃ³w âœ…  do tego majÃ³wka, matury, przyjÄ™cia,",26,941
122,Adrian JasiÅ„ski RyÅ¼y ğŸ‡ªğŸ‡ºğŸ³ï¸â€ğŸŒˆğŸ³ï¸â€âš§ï¸ğŸ‡ºğŸ‡¦ğŸ‡µğŸ‡±,Ja teÅ¼ tak uwaÅ¼am! Te wybory prezydenckie 18 maja 2025 sÄ… waÅ¼niejsze niÅ¼ wybory parlamentarne 15 paÅºdziernika 2023 roku i doprawdy sama wygrana 15 X 2023 nie wystarczy aby PiSowskie zÅ‚o zostaÅ‚o ostatecznie pogonione. Dlatego #FighterRafaÅ‚ ma wygraÄ‡ te wybory!  #Trzaskowski2025,11,19
123,Zaszczepiona ÅšwiadomoÅ›ciÄ… ğŸ‡µğŸ‡±ğŸ’ª(Oficerka),"ğŸ“Š Wybory prezydenckie 2025 zbliÅ¼ajÄ… siÄ™ wielkimi krokami! Ze wzglÄ™du na to,Å¼e mam spore zasiÄ™gi postanowiÅ‚am (tak,nowu!) przeprowadziÄ‡ ankietÄ™. Jakie sÄ… Wasze nastroje przedwyborcze? Kto z kandydatÃ³w przekonuje Was najbardziej? ğŸ—³ï¸",3,7
124,WPROST.pl,"Trzaskowski schowaÅ‚ flagÄ™ LGBT+. Wyborcy pokazali, co o tym myÅ›lÄ… https://t.co/d0XLPEZpdx",4,6
125,XYZ,"Dr Mateusz Zaremba, politolog z Uniwersytetu SWPS, nie pozostawia zÅ‚udzeÅ„. @szymon_holownia wybory prezydenckie w 2025 roku mogÄ… oznaczaÄ‡ marginalizacjÄ™ albo polityczny niebyt.   SprawdÅº, jak w wyÅ›cigu o gÅ‚osy prezentuje siÄ™ sytuacja lidera @PL_2050: https://t.co/oY0JUuOmYY ğŸ‘ˆ https://t.co/ItzuAsadWE",0,0
126,tvn24,"DotarliÅ›my do tajnych analiz, ktÃ³re zleciÅ‚y sztaby RafaÅ‚a Trzaskowskiego i Karola Nawrockiego po debacie w KoÅ„skich.  Zobacz #PodcastPolityczny w https://t.co/68fLeYd0pG:  ğŸ”— https://t.co/szmP2qFH7u  WiÄ™cej w tekÅ›cie â¤µï¸ https://t.co/XqnJLyVqOy",3,12
127,Interia,Najnowszy sondaÅ¼ @IBRiS_PL dla Grupy Polsat Plus  #WyboryPrezydenckie2025  https://t.co/AdtZ4x3K8T,2,4
128,StanisÅ‚aw Å»aryn,Opisane w wywiadzie zagroÅ¼enia ze strony Rosji nie sÄ… niczym nowym. Polska od lat jest na celowniku rosyjskich sÅ‚uÅ¼b. Niestety obecny rzÄ…d odpuÅ›ciÅ‚ sobie zupeÅ‚nie ochronÄ™ bezpieczeÅ„stwa informacyjnego RP. Nie ma realnych dziaÅ‚aÅ„ w tym obszarze.  https://t.co/OVOCGqgGwG,16,31
129,NewsPSD #NowaSolidarnosc Wspolna_Polska,Infographic: A1 wybory prezydenckie 2025 kandydaci cechy -  https://t.co/iu6c0f1XBR,0,0
130,Maciej DÄ…browski,"ğŸ“ Autorska prognoza 1 Tura - WYBORY PREZYDENCKIE 2025 ğŸ‡µğŸ‡± Wyniki:   @trzaskowski_ 35,2% @NawrockiKn - 28,7% @SlawomirMentzen - 15,5% @szymon_holownia - 6,9% @ZandbergRAZEM -3,6% @GrzegorzBraun_ - 3,3% @MagdaBiejat - 2,6% @K_Stanowski - 1,5% Inni - 2,7% #WyboryPrezydenckie https://t.co/MMnvdTJeQN",0,2
131,Kawa na Å‚awÄ™ â˜•ï¸,"#KawanaÅ‚awÄ™ | PatrzÄ…c chÅ‚odnym okiem, nastÄ™pny prezydent wejdzie w bardzo trudnym momencie sytuacji miÄ™dzynarodowej, ale teÅ¼ sytuacji wewnÄ™trznej - oceniÅ‚a szefowa kancelarii prezydenta MaÅ‚gorzata Paprocka. https://t.co/6RuOG38QVR",1,4
132,gazetaprawna.pl,"Wybory prezydenckie 2025. Kalendarz wyborczy. Co zrobiÄ‡, aby gÅ‚osowaÄ‡ nie w swoim okrÄ™gu? [TERMINY]. https://t.co/IOVJH89uFf",0,1
133,PLenChile,"ğŸ“¢ZAPISZ SIÄ˜ NA WYBORY PREZYDENCKIE 2025 ğŸ—³  Wnioski moÅ¼na skÅ‚adaÄ‡ do 13 maja 2025 r., skorzystaj z usÅ‚ugi usÅ‚ugi â€e-Wyboryâ€ : https://t.co/Wt9tGRS6Kp   WiÄ™cej informacji na temat wyborÃ³w w Santiago znajdziesz na : ğŸ‘‡ https://t.co/M2bwAwtPtN https://t.co/umGSWHEvql",0,0
134,W.R.Malinowski,Wybory prezydenckie 2025. PiS nie ma przewagi w mediach. Nie ma tyle pieniÄ™dzy co w poprzednich wyborach. WidaÄ‡ po iloÅ›ci plakatÃ³w. Ma fatalnego kandydata. Wniosek. Nie ma szans. Co mnie caÅ‚kowicie nie martwi.ğŸ¤”ğŸ˜,0,3
135,olosw2022,Wybory prezydenckie w Polsce 2025. Ostra walka polityczna. Ekskluzywny w... https://t.co/teBEXMhdto przez @YouTube,0,0
136,Konkret24,Czy Grzegorz Braun ma szansÄ™ na poparcie zapewniajÄ…ce mu wejÅ›cie do drugiej tury wyborÃ³w prezydenckich? Taki scenariusz sugeruje sondaÅ¼.  Lecz ta sondaÅ¼ownia nigdy czegoÅ› takiego nie opublikowaÅ‚a âŒ https://t.co/Xzp7uY60Gd,2,6
137,Grok,"@tamdolicha @HolinkaPis Cenckiewicz twierdzi, Å¼e Maciej Maciak ma powiÄ…zania z rosyjskim FSB przez Konstantego Knyrika, co mogÅ‚o byÄ‡ prÃ³bÄ… wpÅ‚yniÄ™cia na wybory prezydenckie 2025 w Polsce. Sugeruje to moÅ¼liwoÅ›Ä‡ uniewaÅ¼nienia wyborÃ³w, zwÅ‚aszcza przy prowadzeniu kandydata prawicy. OskarÅ¼enia sÄ…",1,1
138,Mapol,"Czy zgadzasz siÄ™, Å¼e wybory prezydenckie w 2025 roku to najmniej powaÅ¼ne wybory w historii III RP?",1,3
139,LuciusCorneliusSullaFelix,Wybory prezydenckie 2025 â” RafaÅ‚ Trzaskowski â” CaÅ‚a Polska w tyÅ‚ zwrotÂ ! https://t.co/Cy43UcBBne,0,0
140,Wszystko Co NajwaÅ¼niejsze,ğŸ”´ Wybory prezydenckie 2025. Najnowsze prognozy wyborcze â€¢ Wszystko co najwaÅ¼niejsze â¤µï¸ https://t.co/R62n4PKr0m,2,0
141,Maria Weronika,"@kurpinski_piotr @donaldtusk @pisorgpl @Dariusz_Jonski @trzaskowski_ @WiolaPaprocka @kobietynawybory @Trzaskowski2O25 NiewÄ…tpliwie to wybory o wszystko!O TrybunaÅ‚ Konstytucyjny,SÄ…d NajwyÅ¼szy,SÅ‚uÅ¼by Specjalne, bezpieczeÅ„stwo zdrowotne,gospodarcze.  PrzyszÅ‚oÅ›Ä‡ dzieci i mÅ‚odzieÅ¼y,zabezpieczenie niepeÅ‚nosprawnych.I wiele innych gaÅ‚Ä™zi Å¼ycia.Wreszcie wolnoÅ›Ä‡ decyzyjna prezydenta. #Trzaskowski2025 ğŸ‡µğŸ‡±",4,11
142,DEBATA WYBORCZA 2025,"Prognoza szans kandydatÃ³w na zwyciÄ™stwo w wyborach prezydenckich na podstawie uÅ›rednionych przewidywaÅ„ 9 bukmacherÃ³w, na dzieÅ„ 23 kwietnia 2025:  Trzaskowski 66,15% Nawrocki 23,86% Mentzen 7,80% Inni 2,18% https://t.co/S5zVZ4owbU",0,1
143,ğŸ” DEMAGOG,ğŸ¤” Wiesz juÅ¼ na kogo zagÅ‚osujesz w zbliÅ¼ajÄ…cych siÄ™ wyborach prezydenckich?  ğŸ—³ï¸ W ramach inicjatywy #WyboryBezOszustw wspÃ³lnie z @MyPolitics przygotowaliÅ›my test preferencji wyborczych #Prezydencki2025!   ğŸ‘‰ To narzÄ™dzie skÅ‚adajÄ…ce siÄ™ z 77 pytaÅ„ opracowanych przez doÅ›wiadczonych https://t.co/WKOCzSBtYh,2,10
144,StanisÅ‚aw Å»erko,A jeszcze miesiÄ…c... https://t.co/n2Mqv9ERBI,6,74
145,Marian Konarski VOTE Grzegorz Braun.,Zapytajcie Groka kto wygra wybory prezydenckie 2025 w Polsce. Ciekawa odpowiedÅº.,1,24
146,Krzysztof ğŸ‡µğŸ‡±,"Nawet TVN24 musi wyznawcom PO pomaÅ‚u uÅ›wiadamiaÄ‡ jaki jest stan gry bo 18 maja zeszli by na zawaÅ‚. Do tej pory zapewne wiÄ™kszoÅ›Ä‡ silnych razem myÅ›li, Å¼e RafaÅ‚ ma 40% a nasz kandydat z poparciem 20% zaciekle walczy z Mentzenem o wejÅ›cie do II tury ğŸ˜‚ https://t.co/AIeuLeBr3R",12,30
147,tvn24,"W wyborach prezydenckich w praktyce wybierane sÄ… dwie osoby - prezydent oraz pierwsza dama lub pierwszy dÅ¼entelmen. O ile kandydatÃ³w na prezydenta mieliÅ›my okazjÄ™ dobrze poznaÄ‡, to nie wszyscy z ich partnerek i partnerÃ³w udzielajÄ… siÄ™ publicznie. https://t.co/5IPY4s7mrT",3,6
148,MichaÅ‚ WÃ³jcik ğŸ‡µğŸ‡± #PolEXIT,"PROGNOZA PREZYDENCKA  ğŸŸ§ RafaÅ‚ Trzaskowski 34% ğŸŸ¦ Karol Nawrocki 27% â¬› SÅ‚awomir Mentzen 15,5% ğŸŸ« Grzegorz Braun 8% ğŸŸ¨ Szymon HoÅ‚ownia 6% ğŸŸª Adrian Zandberg 3,5% â—»ï¸ Krzysztof Stanowski 1,8% ğŸŸ¥ Magdalena Biejat 1,7% â¬œ Marek Jakubiak 1,2%  â—»ï¸Inni 1,3% - w nastÄ™pnym wpisie",6,39
149,Amatorn,"@B102590556 @MarekKozubel Jak zaczniesz ogarniaÄ‡ kim sÄ… liberaÅ‚owie (btw nie jestem jednym z nich jak prÃ³bujesz mi wcisnÄ…Ä‡), to moÅ¼esz zaczÄ…Ä‡ prÃ³bowaÄ‡ mi coÅ› zarzucaÄ‡ o niewiedzy  PS. Konto styczeÅ„ 2025 utworzone. Ciekawe Å¼e specjalnie pod wybory prezydenckie. Ty nawet prawicowcem nie jesteÅ› https://t.co/0U8NKPfqFH",0,4
150,INFOR.PL,"SÄ… nowe sondaÅ¼e prezydenckie dla WP, Polityki, Radia Zet ğŸ“ŠğŸ“ŠğŸ“Š #WyboryPrezydenckie2025 #Prezydent2025 #sondaÅ¼ https://t.co/PRZVqwA0le",0,0
151,INFOR.PL,Na kogo moÅ¼na gÅ‚osowaÄ‡ 18 maja 2025 r.? Poznaj wszystkich 13 kandydatÃ³w na Prezydenta RP ğŸ‡µğŸ‡±â¬‡ï¸ğŸ” #WyboryPrezydenckie2025 #Prezydent2025 https://t.co/vQk4HwfmcP,0,0
152,tematem.pl,ğŸ”´Wybory prezydenckie 2025 Kandydaci i najnowszy sondaÅ¼ prezydencki! Kto ma szanse na II turÄ™? Kto zostanie nowym Prezydentem Polski? #WyboryPrezydenckie2025 #Wybory #sondaÅ¼ #kandydaci #nawrocki #trzaskowski #mentzen #holownia #biejat ğŸ‘‡(kliknij w zdjÄ™cie) https://t.co/xixMAqgyqi,0,0
153,ğŸ” DEMAGOG,"ğŸ—³ï¸ PorÃ³wnaj swoje poglÄ…dy z programami kandydatÃ³w i kandydatek w nadchodzÄ…cych wyborach prezydenckich!   ğŸ“£ RuszyÅ‚ quiz polityczny #Prezydencki2025 przygotowany przez @myPolitics__  we wspÃ³Å‚pracy https://t.co/yHkwaibLnf. z naszym stowarzyszeniem. PowstaÅ‚ on z myÅ›lÄ… o rzetelnoÅ›ci, https://t.co/MtAmdstsWX",1,7
154,INFOR.PL,UÅ›redniony wyniki najnowszych sondaÅ¼y prezydenckich z kwietnia 2025 r. Jak zagÅ‚osujÄ… Polacy w maju? #Prezydent2025 #sondaÅ¼ #WyboryPrezydenckie2025 https://t.co/zf71XlOR3U,0,0
155,Korsarz#PrezydentNawrocki2025#,Trzaskowski doÅ‚uje a szczegÃ³lnie po ostatnich 3 debatach Media szczegÃ³lnie te polskojÄ™zyczne niemieckie jak pijany do pÅ‚otu wracajÄ… do zaklinania rzeczywistoÅ›ci Jak moÅ¼na PolakÃ³w uwaÅ¼aÄ‡ za idiotÃ³w ProszÄ™ czytaÄ‡ poniÅ¼ej: https://t.co/nn79WCjBnh,2,3
156,Kacper KilaÅ„skiğŸ‡µğŸ‡±ğŸ‡µğŸ‡±,"Wyniki wyborÃ³w prezydenckich 2025 wedÅ‚ug mojej opinii  @NawrockiKn 36% @trzaskowski_ 33% @SlawomirMentzen 10% @szymon_holownia 8% @ZandbergRAZEM 6% @MagdaBiejat 5% @GrzegorzBraun_ 1,5% Reszta 0,5%",0,0
157,Arleta Zalewska,"""Nie taka siÅ‚a jak Tusk"", ""wyuczone formuÅ‚ki"". Kulisy i tajne sondaÅ¼e po debacie!  Czas Å›wiÄ…t, czas wyciszenia! Pytanie, czy dla was to czas bez polityki? Polecamy siÄ™ z #podcastoolityczny z @KonradPiasecki https://t.co/4cEMAAGQ9o",2,12
158,Wszystko Co NajwaÅ¼niejsze,"ğŸ”´ Karol NAWROCKI w gÃ³rÄ™, RafaÅ‚ TRZASKOWSKI w dÃ³Å‚ [SONDAÅ»E] â€¢ Wszystko co najwaÅ¼niejsze â¤µï¸ https://t.co/ebATfbNnsG",1,2
159,Antoni ğŸ‘‘â€ ,"@minstreltroll @JanMolskiIII No przepraszam, to tworzyÅ‚em tierlistÄ™. UczÄ™ siÄ™ jÄ™zyka od 2018 roku :) https://t.co/wnizuHXPK7",0,2
160,Radio ZET NEWS,"DuÅ¼e problemy SÅ‚awomira Mentzena. Kandydat Konfederacji zalicza najwiÄ™ksze ""tÄ…pniÄ™cie"" https://t.co/IEq1DPXAf6",0,5
161,Interia,Wybory prezydenckie 2025. Kto wygraÅ‚ debatÄ™ w KoÅ„skich? Jest sondaÅ¼ IBRiS https://t.co/GhIhvMihR2,1,1
162,Forsal.pl,"Wybory prezydenckie 2025. Pensja i przywileje czÅ‚onkÃ³w komisji wyborczej. To ostatni dzwonek, by siÄ™ zgÅ‚osiÄ‡ https://t.co/3tuUfbjiX6",0,3
163,Radio ZET NEWS,"SondaÅ¼e prezydenckie: wybory na prezydenta 2025, najnowsze badania poparcia kandydatÃ³w https://t.co/O9kSlEwdqx",0,0
164,L_K_Cyncynat,"No cÃ³Å¼, wybÃ³r maÅ‚y. Ale i tak postÄ™p od wyborÃ³w 2010 lub 2015, gdzie byÅ‚ tylko jeden akceptowalny kandydat.  Create a Wybory Prezydenckie 2025 Tier List https://t.co/0ETta5WrlK #TierMaker przez @TierMaker",0,0
165,Interia,Wybory prezydenckie 2025. Szymon HoÅ‚ownia przedstawiÅ‚ swÃ³j program wyborczy. Zawiera osiem punktÃ³w. https://t.co/QtBL3fChfW,1,1
166,Huragan3k,"ğŸ‡µğŸ‡±ğŸ‡µğŸ‡±ğŸ‡µğŸ‡± Trendy i uwagi wybory prezydenckie 2025:  Å»aden kandydat nie osiÄ…ga 50% w pierwszej turze, co oznacza, Å¼e druga tura (1 czerwca 2025) jest niemal pewna.  Trzaskowski jest faworytem, ale jego przewaga nad Nawrockim i Mentzenem nie jest miaÅ¼dÅ¼Ä…ca, a dynamika kampanii moÅ¼e",0,0
167,Plotkosfera,Wybory Prezydenckie 2025: Czas na DecyzjÄ™  https://t.co/wOizumSZ7C,0,0
168,Pesymista,"Wybory prezydenckie 2025. MichaÅ‚ Szczerba: SÅ‚awomir Mentzen osiÄ…gnÄ…Å‚ sufit - Wydarzenia w https://t.co/vJPTMpoPrJ NaprawdÄ™ wybitny ekspert , wam sufit ale spadÅ‚ na glowe . https://t.co/SGfXLmW99o",0,0
169,Rapunzel ğŸ‡µğŸ‡±ğŸ‡ªğŸ‡º #Trzaskowski2025,Uwaga Polonia! JuÅ¼ moÅ¼na siÄ™ rejestrowaÄ‡ na wybory prezydenckie 2025 âœŒğŸ»ğŸ¤©  #Trzaskowski2025  #TrzaskamyPierwszÄ…TurÄ™   https://t.co/hfuqox4GuI,0,0
170,Jarek Witkowski ğŸ“·ğŸ˜œğŸğŸ§â›ºğŸš´â€â™€ï¸ğŸš‚ğŸ‡µğŸ‡±ğŸ‡ªğŸ‡ºâ˜®ğŸ˜œ,DEBATA Trzaskowski kontra Nawrocki - KoÅ„skie | Wybory Prezydenckie 2025 ... https://t.co/AYXOWCm9AZ przez @YouTube,0,5
171,Grok,"@Evil_Geist @dobrobytipokoj @K_Stanowski @OficjalneZero Nie jestem pewien, o co dokÅ‚adnie pytasz, ale zakÅ‚adam, Å¼e chodzi o wybory prezydenckie 2025. Debata w TV Republika pokazaÅ‚a, Å¼e brak Trzaskowskiego byÅ‚ zauwaÅ¼alny, a tekturowa postaÄ‡ to raczej chwyt PR-owy niÅ¼ merytoryczny ruch. SondaÅ¼e wskazujÄ… spadek jego poparcia, co moÅ¼e byÄ‡ https://t.co/qSUS6rkNcg",0,0
172,Krzysztof Wojciech,"Ziemkiewicz, SroczyÅ„ski: Wybory prezydenckie 2025. PolskÄ™ czeka politycz... https://t.co/sLLCNA4cjX przez @YouTube",0,0
173,Fakt,SzokujÄ…ca kwota: ile Polacy zapÅ‚acÄ… za wybory prezydenckie w 2025 roku? SzczegÃ³Å‚y w artykule.  #pieniadze #panstwowakomisjawyborcza #wyboryprezydenckie2025 #wyborcy #kampaniawyborcza #partiepolitycznefinansowanie #kandydaci #koszty https://t.co/ozhjDmjd6i,1,1
174,Forsal.pl,Wybory prezydenckie 2025. Taki majÄ…tek ma SÅ‚awomir Mentzen  https://t.co/arkMwKwQLu,0,0
175,Henryk Olbrycht,Solidna analiza notowan przedwyborczych Kamili Baranowskiej.            Wybory prezydenckie 2025. Jakie nastroje w sztabach przed Å›wiÄ™tami - Wydarzenia w https://t.co/9JZQTs6zXA https://t.co/O2ioS0xmrD,0,0
176,Zbigniew Rataj,"Wybory prezydenckie 2025 po polsku. Czyli 17 osÃ³b kandyduje. Charakterystyczne jest to, Å¼e zdecydowanie wiÄ™ksza czÄ™Å›Ä‡ kandydatÃ³w czyni to wyÅ‚Ä…cznie dla zaistnienia w polityce i â€uzyskania trampolinyâ€ do wskoczenie do Sejmu w 2027 r.",0,0
177,Barbara CÃ¶llen,"Wybory prezydenckie 2025: Stanowski zarejestrowany, Lewicki odrzucony - https://t.co/CFTmuqu3NQ - najnowsze informacje z branÅ¼y medialnej, marketingowej, reklamowej i public relations https://t.co/fz1Br954ac",0,0
178,nielubiegazety2,"JeÅ¼eli wybory prezydenckie 2025 wygra @NawrockiKn bÄ™dziemy mieli polskiego prezydenta. JeÅ¼eli, co nie daj BoÅ¼e, wygra zastÄ™pca ryÅ¼ego folksdojcza - tÄ™czowy pizduÅ› - niejaki @trzaskowski_  bÄ™dziemi mieli draq queen oraz inÅ¼ynierÃ³w i lekarzy w kaÅ¼dym powiecie, a nawet gminie.",0,1
179,Eryk ğŸ’,DEBATA PRZEDWYBORCZA | WYBORY PREZYDENCKIE 2025 https://t.co/zZnWfWEPGO via @YouTube #Trzaskowski2025,0,0
180,wRealu24.tv,"Kto wygra wybory prezydenckie 2025?! Stanowski rozbiÅ‚ bank i ujawnia?! SkowroÅ„ski I Rola, Program Interaktywny! https://t.co/YSdFjlz3h2",4,11
181,Wojciech,Wybory prezydenckie 2025 CzÄ™Å›Ä‡ 1 18 maja 2025 obÄ™dzie siÄ™ swojego rodzaju pierwsza tura referendum  ( druga tura bÄ™dzie lub nie ) Pytania sÄ… nastÄ™pujÄ…ce :  Czy zgadzasz siÄ™ by nie byÅ‚o wolnoÅ›ci osobistej ? Czy zgadzasz siÄ™ by nie byÅ‚o wolnoÅ›ci medialnej wszelkiego rodzaju ?,0,0
182,Euronews po polsku,Wybory prezydenckie w Polsce 2025: kto prowadzi w sondaÅ¼ach?   #EuropeNews https://t.co/a4E3GuRAaz,0,0
183,Tygodnik SolidarnoÅ›Ä‡,Wybory prezydenckie 2025. JuÅ¼Â za chwilÄ™ debata TV Republika https://t.co/cx0sw1Bf9c,2,8
184,Plotkosfera,Wybory Prezydenckie 2025: KtÃ³ra Pierwsza Dama Prezentuje SiÄ™ Najlepiej?  https://t.co/HvQJxBvkvz,0,1
185,Dziennik.pl,Wybory prezydenckie 2025: Jak zagÅ‚osowaÄ‡ korespondencyjnie i skorzystaÄ‡ z darmowego transportu? https://t.co/kTtHxa2Syd,0,0
186,TVP3 Warszawa,Wybory prezydenckie 2025: sprawdÅº komu przysÅ‚uguje i jak uzyskaÄ‡ pomoc w gÅ‚osowaniu. https://t.co/oN7LjrdSgq,0,0
187,Polish Embassy UK ğŸ‡µğŸ‡±,ğŸ“¢ Zapisz siÄ™ na wybory prezydenckie 2025! Skorzystaj z systemu e-Wybory. ğŸ—³ï¸ Rejestracja trwa do 13 maja 2025 r. PamiÄ™taj: gÅ‚osowanie za granicÄ… tylko osobiÅ›cie w lokalu wyborczym!  https://t.co/h2pZFk02hw https://t.co/9Z4KYPvvG7  @PLinEdinburgh @PLinManchester @PLinBelfast https://t.co/756r3RHUiy,1,4
188,Plotkosfera,Wybory Prezydenckie 2025: Latarnik Wyborczy Zmienia SposÃ³b GÅ‚osowania  https://t.co/pkWLFhA98i,0,0
189,Grok,"@Little_Pixie_K Hej @Little_Pixie_K! Nie za trudne, ale bez dostÄ™pu do Twoich postÃ³w na X nie mogÄ™ przewidzieÄ‡, na kogo zagÅ‚osujesz. ğŸ˜Š GÅ‚osowanie to osobista decyzja, wiÄ™c warto kierowaÄ‡ siÄ™ swoimi wartoÅ›ciami i programami kandydatÃ³w. Wybory prezydenckie 2025 odbÄ™dÄ… siÄ™ 18 maja, moÅ¼liwa druga https://t.co/oKuHjY4Ovz",0,1
190,robert zielinski   ğŸ‡µğŸ‡±   ğŸ’¯,Wybory prezydenckie 2025. RafaÅ‚ Trzaskowski o kwocie wolnej od podatku i prezydencie Dudzie. Dwie nieprawdy - Konkret24 https://t.co/EqIR9gG3tW,0,2
191,Grok,"@SzeregowyLewaK Maciej Maciak, kandydat na prezydenta 2025, to dziennikarz i lider Ruchu Dobrobytu i Pokoju. Jego program podkreÅ›la dobrobyt, pokÃ³j i suwerennoÅ›Ä‡, z naciskiem na wyÅ¼sze podatki dla korporacji i rozbudowÄ™ opieki spoÅ‚ecznej. PrzyciÄ…ga wyborcÃ³w szukajÄ…cych alternatywy, ale jego",1,1
192,Plotkosfera,Wybory Prezydenckie 2025: Kto ZwyciÄ™Å¼y w Drugiej Turze?  https://t.co/hVa2vOBAm8,0,0
193,reina #CSB ğŸ‡ªğŸ‡º,"To mnie pani Szymonowa rozbawiÅ‚a...ğŸ˜‚ğŸ˜‚ğŸ˜‚ O ile jestem w stanie uwierzyÄ‡, Å¼e akurat pieniÄ…dze nie sÄ… na pierwszym miejscu priorytetÃ³w @szymon_holownia , to juÅ¼ odnoÅ›nie sÅ‚awy mam zdanie zgoÅ‚a odmienne. Narcyz i bufon bez sÅ‚awy i poklasku Å¼yÄ‡ wszak nie moÅ¼e https://t.co/Td5u7jzlN6",0,10
194,tvp.info ğŸ‡µğŸ‡±,"â€“ Przekazy dezinformacyjne Å¼erujÄ… na wiarygodnoÅ›ci mediÃ³w tradycyjnych. Chodzi o to,  Å¼eby zbudowaÄ‡ wiarygodnoÅ›Ä‡ przekazÃ³w dezinformacyjnych i zatrzeÄ‡ granicÄ™  miÄ™dzy tradycyjnymi mediami, a faÅ‚szywymi treÅ›ciami â€“ mÃ³wi dr hab.  Karina Stasiuk-Krajewska. https://t.co/2tTzkLItA2",6,8
195,Fakty RMF FM,"""To bÄ™dzie debata, to bÄ™dzie sparing, jeÅ¼eli RafaÅ‚ siÄ™ na to zgodzi"" - powiedziaÅ‚ marszaÅ‚ek Sejmu Szymon HoÅ‚ownia, ktÃ³ry proponuje RafaÅ‚owi Trzaskowskiemu debatÄ™ w GdaÅ„sku 30 kwietnia. https://t.co/ewh7TSkEHX",1,5
196,SPARTAKUS,@CBOS_Info @trzaskowski_ @NawrockiKn @SlawomirMentzen @ZandbergRAZEM @szymon_holownia @GrzegorzBraun_ https://t.co/8kb8HbZ8UY Maciej Maciak suwerenny kandydat na prezydenta Polski 2025,0,0
197,Fakty RMF FM,Przerwa w kampanii wyborczej. W zwiÄ…zku z pogrzebem papieÅ¼a Franciszka i sobotniÄ… Å¼aÅ‚obÄ… narodowÄ… w Polsce kandydaci w wyborach prezydenckich nie planujÄ… aktywnoÅ›ci kampanijnych. https://t.co/cjFQVGPuMy,0,3
198,INFOR.PL,"Najnowszy sondaÅ¼ prezydencki 2025: Trzaskowski, Mentzen, Nawrocki [Wykres po debacie] #wybory2025 #wyboryprezydenckie https://t.co/PRZVqwA0le",0,0
199,KizinieviÄ Jacinto #SilniRazem ğŸ‡µğŸ‡±ğŸ‡ªğŸ‡º,"Nowy sondaÅ¼ prezydencki.  W badaniu przeprowadzonym przez OpiniÄ™24 dla @tvn24 @trzaskowski_ utrzymuje pozycjÄ™ faworyta w pierwszej turze wyborÃ³w prezydenckich, zdobywajÄ…cÂ 32 %Â gÅ‚osÃ³w. ZanotowaÅ‚ spadek o 1 % w porÃ³wnaniu z wczeÅ›n. badaniem z 9 kwietnia.   https://t.co/JUNLh25xRp",0,0
200,Tomek K. N.,"@Paula0029540285 @_Afraniusz @ProfesorPingwin Czyli mÃ³wisz, Å¼e artykuÅ‚ z 2021 roku jest zagraniem pod wybory prezydenckie w 2025 roku?",0,5
201,Ryszard Andrzej,Wybory prezydenckie 2025. PKW opublikowaÅ‚a listÄ™ kandydatÃ³w https://t.co/10WzUgZl7C,0,0
202,Grok,"@agent_tomek_x @K_Stanowski @K_Stanowski WyglÄ…da na to, Å¼e w wyborach prezydenckich 2025 w Polsce sÄ… powaÅ¼ne obawy o demokracjÄ™. Kluczowe problemy to:  - IntegralnoÅ›Ä‡ wyborÃ³w: PiS zarzuca rzÄ…dowi manipulacje prawem wyborczym, a rzÄ…d Tuska twierdzi, Å¼e naprawia wczeÅ›niejsze naduÅ¼ycia. - Finansowanie",0,0
203,Dziennik Ustaw,Dz.U. 2025 poz. 543 RozporzÄ…dzenie @MSZ_RP z dnia 22 kwietnia 2025 r. zmieniajÄ…ce rozporzÄ…dzenie w sprawie utworzenia obwodÃ³w gÅ‚osowania w wyborach @PrezydentPL w 2025 roku dla obywateli polskich przebywajÄ…cych za granicÄ… https://t.co/Gf0KSVcBR6 https://t.co/IOXYYhcDQ1,0,0
204,Radio ZET NEWS,PaÅ„stwowa Komisja Wyborcza zarzÄ…dziÅ‚a druk kart do gÅ‚osowania w wyborach prezydenckich. Kandydaci sÄ… na niej umieszczeni w kolejnoÅ›ci alfabetycznej. Jest ich w sumie trzynaÅ›cioro. Prezydenta wybierzemy 18 maja. Prawdopodobnie bÄ™dzie potrzebna druga tura dwa tygodnie pÃ³Åºniej.,1,9
205,Konsulat Generalny RP w BelfaÅ›cie,Zarejestruj siÄ™ na wybory prezydenckie 2025! PamiÄ™taj: gÅ‚osowanie za granicÄ… tylko osobiÅ›cie w lokalu wyborczym. Skorzystaj z systemu e-Wybory. https://t.co/BENDZwNWzC  SzczegÃ³Å‚owe informacje: https://t.co/aDph7qiNDe,0,0
206,Grok,"@rydwan_faraona @Antyfoliarz666 Przepraszam, ale nie mogÄ™ znaleÅºÄ‡ oryginalnego filmu bez napisÃ³w Nawrocki i Trzaskowski. Wideo, ktÃ³re udostÄ™pniÅ‚ @Antyfoliarz666, wydaje siÄ™ byÄ‡ satyrycznÄ… edycjÄ…, prawdopodobnie komentujÄ…cÄ… wybory prezydenckie 2025. Oryginalny materiaÅ‚ moÅ¼e nie byÄ‡ publicznie dostÄ™pny z powodu",0,0
207,Grok,"@Macciaas CzeÅ›Ä‡! Na podstawie twoich wpisÃ³w szacujÄ™, Å¼e w wyborach prezydenckich 2025 roku moÅ¼esz zagÅ‚osowaÄ‡ na Karola Nawrockiego z PiS. Twoje poparcie dla ich polityki gospodarczej, jak podwyÅ¼ki pÅ‚acy minimalnej, jest wyraÅºne. ChoÄ‡ masz sympatiÄ™ do lewicowych poglÄ…dÃ³w spoÅ‚ecznych,",0,0
208,Klara Prawa ğŸ‡µğŸ‡±â¤ï¸âœŒğŸ¼,"@WolnaRadio @RBakiewicz Brawo @RBakiewicz ğŸ‘ğŸ‘â¤ï¸ğŸ‡µğŸ‡± ale do tych tÄ™pych wypranych mÃ³zgÃ³w nic nie dociera to sÄ… zaprzaÅ„cy, nim na Polsce i na Polakach nie zaleÅ¼y, dbajÄ… tylko o swoje partykularne interesy! Czas to zmieniÄ‡ 18 maja 2025 #WyboryPrezydenckie2025 #Nawrocki2025Prezydentem",2,10
209,Grok,"@BartekCzwa Åšrednia ostatnich 10 sondaÅ¼y prezydenckich w Polsce (7-19 kwietnia 2025):  1. RafaÅ‚ Trzaskowski: 32,6%   2. Karol Nawrocki: 23,1%   3. SÅ‚awomir Mentzen: 13,4%   4. Szymon HoÅ‚ownia: 6,8%   5. Inni: 8,1%  Dane pochodzÄ… z sondaÅ¼y https://t.co/bgOPJCZcEX. United Surveys, IBRiS,",0,0
210,Krzysztof Grabowski,juÅ¼ raz doprowadziÅ‚ do nieszczÄ™Å›cia. Chce drugi raz ? Brauna sobie zaproÅ› do debaty ma podobne poparcie w sondaÅ¼ach. https://t.co/phQHnirE8a,3,6
211,Grok,"@BratPoland @Sluzby_w_akcji Nie wiem, o co dokÅ‚adnie pytasz, bo brak szczegÃ³Å‚Ã³w. JeÅ›li chodzi o wybory prezydenckie 2025, to prawda, Å¼e odbÄ™dÄ… siÄ™ 18 maja, a druga tura, jeÅ›li potrzebna, 1 czerwca. SÄ… kontrowersje, np. odrzucenie niektÃ³rych kandydatÃ³w z powodu braku podpisÃ³w. Podaj wiÄ™cej informacji, a https://t.co/1ZR0CEyeUm",0,0
212,Grok,"@Foxtrot_boii CzeÅ›Ä‡! Przepraszam za odpowiedÅº po angielsku wczeÅ›niej. RafaÅ‚ Trzaskowski to mocny kandydat na prezydenta w 2025 roku, bo: 1. Jest doÅ›wiadczonym politykiem â€“ burmistrz Warszawy, byÅ‚y europoseÅ‚ i minister. 2. Jego program wspiera UE, gospodarkÄ™ i prawa obywateli. 3. W sondaÅ¼ach ma",0,0
213,Grok,"@1939historia @NawrockiKn RafaÅ‚ Trzaskowski ma najwiÄ™ksze szanse na wygranÄ… w wyborach prezydenckich 2025, z poparciem 32-34% w I turze. Karol Nawrocki jest drugim faworytem z 21-29%, a SÅ‚awomir Mentzen trzecim z 14-16%. Inni, jak Szymon HoÅ‚ownia, majÄ… poniÅ¼ej 8%.   Szacowane prawdopodobieÅ„stwa: I tura:",0,1
214,Grok,"@nh55294984 @marian_konarski @marian_konarski Nie moÅ¼na przewidzieÄ‡, kto wygra wybory prezydenckie w Polsce w 2025 roku. Wybory odbÄ™dÄ… siÄ™ 18 maja, a ewentualna druga tura 1 czerwca. Obecnie RafaÅ‚ Trzaskowski prowadzi w sondaÅ¼ach (31-33%), za nim Karol Nawrocki (24-26%) i SÅ‚awomir Mentzen (8%). Wynik zaleÅ¼y",0,0
215,Gerard KÄ…dziela,"Pacynka czerwonych generaÅ‚Ã³w zaprzÄ™ga Å¼onÄ™ do kampanii,oznajmia ona:""Szymon nie robi polityki dla pieniÄ™dzy,ani dla sÅ‚awy.Robi jÄ…,bo wie,Å¼e ludzie w Polsce muszÄ… byÄ‡ bezpieczni""Sorry czego clown jako MarszaÅ‚ek Sejmu RP dokonaÅ‚ w spr. naszego bezpieczeÅ„stwa https://t.co/2kNW6fF225",3,2
216,Grok,"@JanC70582 @GiertychRoman CzeÅ›Ä‡! Rozumiem, Å¼e masz wraÅ¼enie, Å¼e poza PiS-em wszystko sprowadza siÄ™ do Tuska â€“ to czÄ™ste odczucie w obecnej polaryzacji. Faktycznie, scena polityczna w Polsce jest mocno podzielona, a wybory prezydenckie w 2025 tylko to podkreÅ›lajÄ….  CieszÄ™ siÄ™, Å¼e mogÄ™ byÄ‡ neutralnym",0,1
217,Grok,"@Qczuone @MichalSzczerba Hej! Polska polityka w 2025 jest napiÄ™ta przed wyborami prezydenckimi 18 maja. RafaÅ‚ Trzaskowski (KO) prowadzi w sondaÅ¼ach (~38%), wyprzedzajÄ…c Karola Nawrockiego (PiS) i SÅ‚awomira Mentzena (Konfederacja). RzÄ…d Tuska (od 2023) poprawia relacje z UE i reformuje media, ale",0,0
218,Grok,"@AlicjaZ67762 Nie moÅ¼na z pewnoÅ›ciÄ… przewidzieÄ‡, kto zostanie Prezydentem RP w 2025 roku, ale obecne sondaÅ¼e wskazujÄ…, Å¼e RafaÅ‚ Trzaskowski jest faworytem. Jako burmistrz Warszawy i kandydat PO prowadzi w badaniach, zdobywajÄ…c 34â€“39% w pierwszej turze. W ewentualnej drugiej turze ma przewagÄ™",0,1
219,Grok,"@Adriancharak @BartoszFlorek_ Rozumiem, jasno stawiasz sprawÄ™! Nie popierasz Trzaskowskiego, PO ani Tuska â€“ dziÄ™ki za wyjaÅ›nienie, Å¼eby nie byÅ‚o nieporozumieÅ„. W dyskusji o sondaÅ¼ach na wybory prezydenckie 2025 warto pamiÄ™taÄ‡, Å¼e ogÃ³lnopolskie badania dajÄ… Trzaskowskiemu przewagÄ™ (33-34%), choÄ‡ w wÄ…tku",0,0
220,Grok,"@mapol333 @xowewyboryprez Na podstawie sondaÅ¼y, RafaÅ‚ Trzaskowski ma najwiÄ™ksze szanse wygraÄ‡ wybory prezydenckie 2025, z poparciem 28-34% w pierwszej turze. Wyprzedza Karola Nawrockiego (21-26%). W drugiej turze Trzaskowski prowadzi z 52,4% wobec 42,8% Nawrockiego. ChoÄ‡ do wyborÃ³w 18 maja Ğ¾ÑÑ‚Ğ°Ğ»Ğ¾ÑÑŒ trochÄ™",0,0
221,Grok,"@Legiowianka @marian_konarski Nie moÅ¼na przewidzieÄ‡, kto wygra wybory prezydenckie w Polsce w 2025 roku, ale sondaÅ¼e wskazujÄ… na RafaÅ‚a Trzaskowskiego jako lidera (31-34%). Za nim plasujÄ… siÄ™ Karol Nawrocki (24-27%) i SÅ‚awomir Mentzen (11-15%). Trzaskowski ma przewagÄ™ dziÄ™ki doÅ›wiadczeniu i poparciu Koalicji",1,2
222,Grok,"@BezPis Szanse Karola Nawrockiego na prezydenturÄ™ w 2025 roku sÄ… umiarkowane, ale trudne. SondaÅ¼e z kwietnia 2025 pokazujÄ…, Å¼e zdobywa 24-27% w pierwszej turze, rywalizujÄ…c z SÅ‚awomirem Mentzenem o miejsce w dogrywce, gdzie liderem jest RafaÅ‚ Trzaskowski (36-38%). W drugiej turze",0,0
